Unnamed: 0,productid,imageid,description_clean_length_tokens,description_dedup_length_tokens,removed_words,removed_chars
61512,4023550194,1277618412,2211,626,1585,8622
64087,4057635218,1282540131,1494,370,1124,6568
79814,3883412829,1257934991,1679,520,1159,6262
65613,4197543186,1313646780,1562,358,1204,6196
14596,3856810014,1253467185,1494,437,1057,5894
80661,4050860415,1281450969,1597,586,1011,5789
47398,4053879512,1282015512,1597,586,1011,5789
25474,3868888014,1255182649,1714,652,1062,5496
64317,4006510427,1275646331,1793,825,968,5372
76541,4187120562,1311422387,1052,138,914,5352
84021,4184608532,1310877211,1678,678,1000,5263
72373,4042483218,1280115165,1243,317,926,5068
15004,4250687025,1328489060,1164,288,876,4924
68800,3789608245,1245223764,1346,550,796,4896
46919,4235890035,1324042482,1371,464,907,4849
17506,4235890033,1324042457,1371,464,907,4849
69017,4150481094,1301089999,1315,464,851,4841
8316,4197679675,1313461882,1160,356,804,4615
11491,3960068238,1269616716,1347,489,858,4582
20932,4187125454,1311445278,1393,564,829,4577
44087,4006528807,1275679992,1040,289,751,4569
37691,4179859531,1309221907,1028,289,739,4481
12085,4187125541,1311446278,1508,755,753,4466
53768,3941809214,1267122692,1391,631,760,4264
54474,4177840941,1308745165,1575,761,814,4241
64982,4177840942,1308745193,1575,761,814,4241
45803,4079436635,1287837358,1016,314,702,4200
74538,4037931062,1279439916,1135,343,792,4192
22555,4130471799,1296379713,1087,333,754,4170
31978,4017685901,1285878165,1244,484,760,4168
31339,4155423932,1302544942,1072,348,724,4110
45797,4120408231,1293746301,1067,331,736,4074
46067,4120379939,1293733178,1067,331,736,4074
29523,4202301926,1314388373,1260,526,734,3990
23496,4079436923,1287842560,990,314,676,3972
78337,3856809985,1253465565,1145,437,708,3946
84682,4172336631,1307691025,1005,303,702,3804
47826,3953945371,1268859446,995,329,666,3796
60923,4202304579,1314547163,1325,653,672,3767
33106,3997813655,1274151851,958,322,636,3748
76875,4077156198,1287120345,951,321,630,3724
20007,3923099207,1264024084,990,391,599,3684
54785,3930103834,1265380719,979,345,634,3670
56879,4108901637,1292773304,1210,570,640,3667
36845,3856253425,1253380435,1058,406,652,3664
26152,3969254858,1270201634,963,321,642,3664
15353,4188951725,1311776052,956,320,636,3646
7401,4213417602,1317485246,1272,592,680,3604
83668,3959399977,1269492378,1270,590,680,3604
76297,3959401405,1269499087,1271,591,680,3604
67359,3868449462,1255547662,1270,590,680,3604
54799,4086148510,1289635258,1270,590,680,3604
64438,4213443477,1317765022,1270,590,680,3604
36663,4086138392,1289548797,1272,592,680,3604
23491,4086146652,1289627394,1271,591,680,3604
21472,3868448876,1255543112,1271,591,680,3604
62317,3883244002,1257888968,1272,592,680,3589
66728,3989841198,1272688585,1010,384,626,3561
19801,3895288838,1260718863,1200,558,642,3528
17580,3895286451,1260715124,1201,559,642,3528
54665,3895280939,1260707674,1200,558,642,3528
48826,3979566346,1271703221,907,319,588,3494
17905,3971723303,1270484713,1179,526,653,3446
57160,3951727598,1268596331,1576,969,607,3426
2572,3563517745,1221439185,1273,585,688,3422
15973,4188950625,1311759909,904,322,582,3416
70414,4188997955,1311958297,891,315,576,3416
61953,4197668975,1313374128,983,398,585,3403
42643,4086009025,1288867945,900,302,598,3398
79913,4086153466,1289700231,890,320,570,3374
275,4202303891,1314512168,1153,618,535,3356
33533,4181946207,1309986912,1013,412,601,3323
33831,4177822431,1308737692,980,332,648,3314
39035,3541022137,1220224127,1257,654,603,3313
27695,3997825003,1274259794,1061,449,612,3296
57733,4216252251,1318671497,1006,458,548,3239
18797,4086150259,1289658608,1263,629,634,3229
15579,4197656412,1313179470,985,378,607,3213
8040,3977397455,1271453081,1410,868,542,3163
13436,4195559103,1312680263,1264,780,484,3144
48033,4041458222,1279767651,867,345,522,3130
14552,4057555231,1282584584,881,349,532,3125
46508,3908165724,1262476644,1070,484,586,3112
55474,4071435529,1285914059,1054,511,543,3107
80139,4181899244,1310332113,1040,484,556,3104
41485,4181900391,1310350390,1033,482,551,3089
9949,4058568616,1282727718,1086,564,522,3074
38605,3607250054,1227159249,807,301,506,3052
63279,4041458010,1279766678,1043,483,560,3034
43975,3879892982,1257253017,1077,562,515,3008
7133,4153244461,1302134691,808,312,496,3008
34647,3846826064,1252064574,1408,838,570,3006
39692,4181950727,1310037863,1308,860,448,3005
83104,4233775306,1324160976,1256,546,710,3004
17738,4017676633,1285858158,852,320,532,2994
782,4114275622,1292873986,1002,484,518,2957
4729,3945013603,1267994264,837,317,520,2934
82547,4202305310,1314580083,1077,539,538,2919
19137,3907803340,1262419702,860,330,530,2908
13412,4193922690,1312263390,726,172,554,2890
5333,3971717962,1270445350,750,290,460,2888
4988,3858368100,1253683419,1170,704,466,2859
24136,3881725411,1257709611,798,389,409,2845
82116,4155420641,1302527106,798,389,409,2845
14371,4155420647,1302527182,798,389,409,2845
49954,3836828985,1250924880,834,342,492,2839
47121,3893198039,1260350656,1014,532,482,2820
15541,3549075714,1220576539,1169,694,475,2791
21427,3971722993,1270481681,790,316,474,2774
24310,4139341217,1298566022,1143,653,490,2702
71250,4044743801,1280390884,1109,644,465,2645
44667,4092909712,1290307697,1472,948,524,2636
69729,4189641860,1311754284,1476,952,524,2636
78212,4105271973,1291932883,1472,948,524,2636
29716,3997828367,1274279776,926,462,464,2611
84761,3957838853,1269478815,908,412,496,2602
84659,4012661979,1276309272,1084,625,459,2600
20721,4197552597,1313700325,1348,837,511,2583
8903,3604821708,1226903975,805,325,480,2578
83652,4012724165,1276311689,1090,614,476,2571
57387,4145174161,1300195943,935,473,462,2571
2742,4168967255,1306607980,794,326,468,2554
84146,4181946215,1309987033,1030,568,462,2552
42011,4197544123,1313657920,1050,535,515,2550
80484,4235888271,1324019799,1061,606,455,2541
66651,4108559534,1292729507,770,298,472,2538
49687,3992471706,1273021732,988,506,482,2535
942,4205114468,1315408862,776,312,464,2524
9497,4143423159,1299832613,839,401,438,2515
49856,3995598893,1273907992,839,401,438,2515
7361,3813211974,1247760182,991,523,468,2512
55083,3893280926,1260320583,950,488,462,2500
5353,4177785581,1308734858,916,452,464,2500
4872,4037572990,1279006389,772,310,462,2496
33440,4078699238,1287487147,1367,859,508,2491
5143,4023206297,1277884254,773,352,421,2478
76193,4010224358,1276024911,917,506,411,2474
43493,4182119402,1311070779,916,424,492,2469
21449,4058286276,1282834189,799,346,453,2468
33099,3959449353,1269541596,980,522,458,2462
39239,3959446957,1269525413,981,523,458,2462
44291,3775259341,1243714961,981,523,458,2462
56059,4041456966,1279761381,873,446,427,2424
36351,3940022747,1266909411,774,334,440,2416
83252,3995366746,1273992369,774,334,440,2416
21278,3563522731,1221456835,689,207,482,2412
81228,3992471902,1273023606,1119,657,462,2412
43594,4006902447,1275636092,984,576,408,2369
56846,4145102496,1300146783,758,322,436,2366
41731,4211319224,1316962196,885,454,431,2363
3518,4023033746,1277729603,934,495,439,2360
27344,4088657838,1289563824,938,499,439,2360
49504,4145174371,1300201362,898,526,372,2329
3520,3945013236,1267989728,753,317,436,2314
62476,4006490478,1275500895,916,502,414,2308
17700,4017685304,1285875073,710,300,410,2296
6544,3971768411,1270654626,847,416,431,2272
21310,4202304659,1314554297,1033,621,412,2261
62114,3976921166,1271450483,1011,611,400,2227
54567,3868423153,1255382254,710,326,384,2212
75512,3969772772,1270212660,711,311,400,2206
4384,4037924793,1279397955,696,324,372,2192
42948,3889373017,1260077068,696,324,372,2192
52088,4227460778,1321686865,1079,702,377,2172
74955,3879890595,1257230395,674,302,372,2172
33536,4050297798,1281195518,778,407,371,2147
16320,3842787358,1251488396,824,439,385,2125
21237,3842785887,1251482365,806,436,370,2125
3984,3879898500,1257244609,735,353,382,2118
73397,4093215760,1290411547,817,439,378,2098
5373,4017685504,1285875838,961,579,382,2096
48666,3748207396,1240730047,969,578,391,2095
51551,3959929922,1269571500,699,327,372,2084
24906,4114275637,1292874556,862,499,363,2055
4640,4052948317,1281738733,818,458,360,2046
65312,3856810004,1253466329,973,613,360,2040
59806,4050842254,1281770154,698,338,360,2034
25222,3866915294,1254933384,663,305,358,2030
48311,3866915122,1254929398,663,305,358,2030
10104,4231695612,1323296159,716,382,334,2026
61112,3837260930,1251139293,525,149,376,2002
58340,4061615814,1283817584,1073,714,359,1992
47690,4187115310,1311393501,650,294,356,1980
14532,4006519555,1275671944,820,478,342,1980
8225,4189094870,1312034794,789,412,377,1970
20319,4041456187,1279755546,679,317,362,1968
16440,3604829274,1227019573,669,313,356,1968
66156,3990165410,1272776140,916,574,342,1968
50328,3607250774,1227163050,720,379,341,1963
23488,4182108548,1310815717,752,441,311,1962
22977,4079552522,1287907092,678,302,376,1960
78689,4037572976,1279006271,755,395,360,1955
12964,4052948346,1281739262,664,316,348,1952
81287,4052948347,1281739288,667,319,348,1952
24205,4012662249,1276312569,777,447,330,1941
46726,4231696960,1323320915,666,320,346,1940
49421,4231696958,1323320855,666,320,346,1940
11110,3861757958,1254400085,645,324,321,1936
58642,4218265248,1319021681,764,396,368,1924
39242,3944992988,1267983102,1010,661,349,1923
71576,3905806813,1262183794,703,391,312,1904
75265,3854441526,1253164464,516,160,356,1904
80081,4058944052,1282770493,912,604,308,1896
56069,4041957030,1279852373,1012,674,338,1890
35155,3883414875,1258042857,678,334,344,1890
28512,4187121114,1311426780,907,602,305,1884
39687,4017680719,1285863661,996,654,342,1866
76939,3861227383,1254536239,854,542,312,1860
65442,4137060892,1297777107,913,544,369,1851
70950,4202301955,1314391034,925,622,303,1843
2786,3954527903,1268876906,701,390,311,1830
67744,4231695610,1323296106,658,353,305,1828
26750,4209054541,1316353103,897,567,330,1824
36296,4209054528,1316353066,897,567,330,1824
50242,4184607671,1310861670,915,574,341,1819
7169,3844582905,1251804518,714,390,324,1817
80061,3549458703,1220593874,672,349,323,1815
22088,4065772041,1284782599,983,657,326,1794
78680,3575765019,1222865227,776,465,311,1794
58527,4085981067,1289144763,868,548,320,1793
21703,3951732304,1268672081,866,546,320,1793
73170,4087653756,1289550786,667,329,338,1788
41036,4087672836,1289765486,776,452,324,1778
2532,3972427474,1270607735,624,292,332,1772
50611,3895282223,1260710670,611,293,318,1762
14301,4006492242,1275533101,825,479,346,1760
55084,3951725186,1268515759,780,461,319,1751
63097,3879903211,1257269027,750,406,344,1750
45674,4006491592,1275521746,780,461,319,1745
55192,4151001284,1301630394,772,459,313,1742
30634,3842663401,1251441500,596,298,298,1742
71091,4055588288,1282167843,554,196,358,1728
77160,4202305109,1314572313,772,465,307,1724
30550,3957819456,1269449454,759,440,319,1722
3946,3866827090,1254942119,677,375,302,1717
82570,4139329975,1298387838,618,310,308,1706
49335,4202304454,1314539141,670,371,299,1703
47732,4017756628,1276998609,636,330,306,1700
37864,4188948681,1311730212,694,378,316,1698
2941,4188951229,1311770330,688,372,316,1698
13736,4181956742,1310064956,904,602,302,1690
21010,4085965032,1289091595,920,627,293,1687
70725,4216251998,1318669102,804,558,246,1682
55927,3974746913,1270983923,1151,812,339,1671
66942,4211206382,1317824624,1089,784,305,1671
27039,4188909726,1311703963,675,367,308,1652
44937,3972430541,1270651070,955,642,313,1648
41003,4006518844,1275668454,838,561,277,1620
56540,3842662612,1251437248,483,197,286,1604
73905,3972162655,1270601897,609,315,294,1598
462,3861763036,1254492326,594,310,284,1596
68281,4170895631,1307504511,915,622,293,1595
65102,4171236367,1307376160,591,315,276,1584
48260,4012662474,1276315264,633,351,282,1584
35200,4179728981,1309675281,615,341,274,1583
78234,4012724247,1276314554,776,482,294,1574
65482,4078699361,1287487446,627,335,292,1556
70937,4145173823,1300192542,632,326,306,1556
40012,4224639262,1320678417,636,330,306,1552
49997,4231420286,1323468482,736,456,280,1522
3454,4108904914,1292800156,737,461,276,1516
4029,4212779440,1317356263,554,298,256,1516
50755,3868425916,1255425792,648,380,268,1515
24031,4086094075,1289356814,648,380,268,1515
61589,3883427138,1258358859,555,277,278,1514
54956,4232367929,1324031404,729,457,272,1504
59581,4197670842,1313399613,663,405,258,1500
9074,3937634680,1266214539,423,155,268,1492
63421,4193588182,1312148260,414,152,262,1484
9083,4012661016,1276296297,743,485,258,1480
38767,3972162678,1270603203,731,479,252,1480
11404,3871090854,1255749049,520,262,258,1472
65604,4177866970,1308895390,674,478,196,1465
33442,4145469297,1300261206,942,704,238,1452
323,3990163204,1272746736,609,349,260,1452
73663,4150996869,1301531585,513,281,232,1440
23799,4231412891,1323314163,833,578,255,1428
17712,3906639984,1262356587,634,406,228,1422
49875,3727588298,1238299214,794,557,237,1420
53862,4086136552,1289504084,580,316,264,1412
28242,4057543476,1282537572,533,303,230,1412
29356,4044816992,1280387906,371,251,120,1404
59921,4181900911,1310376978,329,229,100,1404
14607,4095058890,1290591976,584,351,233,1397
82990,3925556277,1264556024,537,293,244,1392
54522,4046437485,1280690645,539,295,244,1392
67221,4006502071,1275625790,758,535,223,1386
10208,4006510075,1275643162,759,536,223,1386
21546,4087910394,1289326046,757,534,223,1386
33465,4139508510,1298864839,942,701,241,1382
39701,3976966789,1271569804,552,308,244,1358
31508,3748206625,1240727822,552,308,244,1358
83015,4057849143,1282633656,888,673,215,1357
75240,4017682925,1285870404,542,296,246,1348
7996,3972162365,1270580434,805,560,245,1340
80705,4012870381,1276362320,533,303,230,1340
84884,4235886728,1323996639,557,321,236,1336
5495,4017759486,1277002571,626,393,233,1333
48309,3908177468,1262529860,618,392,226,1332
6412,4197675073,1313425485,542,306,236,1326
9499,4168967950,1306648280,677,434,243,1309
21395,4153309331,1302572606,920,688,232,1305
24142,4182227098,1310229988,656,432,224,1304
64528,4199252792,1313551853,509,283,226,1298
24,3748203527,1240721678,537,307,230,1292
7389,3541018123,1220215165,535,297,238,1292
13954,3995665385,1273929315,546,339,207,1273
43094,4105525635,1291991278,506,276,230,1270
68128,3868887550,1255173589,505,277,228,1268
4795,4086153227,1289697071,799,562,237,1267
46838,3813434986,1247811973,530,306,224,1266
5728,3856530363,1253502623,365,141,224,1264
68256,4233745979,1323698554,528,304,224,1264
47909,4037926972,1279430344,362,138,224,1264
59229,4116742428,1293306264,744,528,216,1259
48097,3856530361,1253502614,368,142,226,1256
58632,4050741161,1281954600,812,569,243,1255
25664,4060323935,1283117751,567,355,212,1254
49650,3727585111,1238292530,629,412,217,1254
13266,3904026961,1262082668,563,321,242,1252
8636,3831237004,1250260213,785,553,232,1248
57529,3563519978,1221446547,495,271,224,1248
18412,3971727359,1270515780,766,548,218,1247
39984,3945013549,1267993348,564,326,238,1246
75503,4019817608,1277543248,726,511,215,1244
37590,3881319201,1257402378,536,324,212,1244
36645,4095304706,1290638141,506,298,208,1238
76262,4150987819,1301493723,494,288,206,1238
1506,4194034910,1312427870,528,308,220,1224
44217,4170894626,1307469107,511,299,212,1222
1007,3881319361,1257405153,747,534,213,1221
71804,4182276909,1310790524,502,298,204,1218
1223,3881319210,1257402717,530,324,206,1218
21375,4197673317,1313416652,704,480,224,1216
21723,4139332433,1298413705,468,282,186,1216
83273,4046438154,1280696739,703,479,224,1216
35374,3976960138,1271563119,533,309,224,1202
73796,3953644077,1268779979,533,309,224,1202
71826,3976960859,1271564336,526,308,218,1194
7289,4006430718,1275502028,505,297,208,1194
65525,4149009935,1300818260,501,299,202,1190
28248,4227454262,1321639755,673,442,231,1182
35466,4150990087,1301501198,579,335,244,1180
50865,4208885953,1316162059,625,408,217,1179
16434,4177869038,1308945838,500,306,194,1174
29097,4058941477,1282756914,931,697,234,1171
72568,4046437613,1280691661,548,322,226,1170
17650,4085933018,1288987703,658,448,210,1160
75540,4012661255,1276298443,543,321,222,1160
33825,4126738253,1295450344,455,269,186,1158
34771,3842551510,1251414614,585,388,197,1143
8518,3906641177,1262364724,417,199,218,1142
15571,4199252550,1313535623,514,311,203,1142
82928,3906573222,1262282997,514,311,203,1142
32462,4037575988,1279045623,490,296,194,1134
83626,4037584595,1279178261,694,494,200,1134
68667,4116742237,1293303554,693,493,200,1134
78846,3971347131,1270343833,535,319,216,1132
77035,3879365624,1257152692,530,318,212,1118
79589,4120382975,1293736144,477,299,178,1116
71107,4007155559,1275624808,746,528,218,1116
74767,3976960134,1271563094,782,570,212,1114
79283,4017676864,1285859204,608,428,180,1110
65803,4202303403,1314482909,678,487,191,1107
18159,4070725640,1285934740,508,308,200,1104
36187,4017685330,1285875266,508,314,194,1104
50094,4086228816,1289204921,536,320,216,1100
31560,4101477580,1291294236,500,304,196,1100
84560,3974746672,1270981233,602,424,178,1100
78558,4236297820,1324197827,333,135,198,1098
10359,3862126032,1254549036,580,398,182,1092
69025,4151270934,1301716645,501,305,196,1088
66812,4179604811,1309095225,603,425,178,1088
79709,4046495413,1280708088,638,437,201,1087
77439,4042486779,1280129466,770,548,222,1075
9291,3868324438,1255121709,650,476,174,1075
58127,3906641427,1262368075,637,428,209,1072
30874,3879893138,1257256295,421,237,184,1070
16689,3879893137,1257256281,421,237,184,1070
18763,4057547207,1282559876,486,300,186,1068
8479,4019813160,1277531704,649,447,202,1066
25456,4182108472,1310807855,639,469,170,1066
57940,4057555658,1282585802,640,446,194,1058
43331,4085933484,1288996832,640,446,194,1058
10356,4179413224,1309069831,502,314,188,1056
72151,3920854035,1263692533,489,295,194,1056
50861,3995550574,1273875360,502,314,188,1056
34265,4061587525,1283605254,582,411,171,1052
82000,3974746855,1270982879,591,421,170,1044
42556,3716307730,1237278691,487,299,188,1044
59539,4195805659,1312742029,479,293,186,1038
61860,4085932329,1288963549,613,429,184,1036
60364,3989828379,1272600085,694,502,192,1035
26790,3945013742,1267996933,763,545,218,1030
42030,4181944654,1309972551,643,473,170,1029
54579,4150988094,1301496340,643,473,170,1029
23869,4139336702,1298486463,502,320,182,1012
7697,3935901535,1266164104,457,287,170,1010
12093,3879894181,1257246962,610,428,182,1002
1446,4168968014,1306654984,468,290,178,990
7938,3921180571,1263808267,457,287,170,986
27362,4017670866,1285844256,596,426,170,981
14401,3883271561,1257858661,693,529,164,980
56936,4250690318,1328617276,469,287,182,980
7280,4037576532,1279054687,581,410,171,975
23327,4058572477,1282754982,581,410,171,975
64321,4058574080,1282776512,581,410,171,975
28969,4037576538,1279054752,581,410,171,975
53822,4017665707,1285838442,612,453,159,969
77788,4126738146,1295444525,412,260,152,968
12686,3879890359,1257231536,570,425,145,966
7255,3974251483,1270853341,437,279,158,960
38367,3866911946,1254869465,620,462,158,956
10242,3861790517,1254546595,606,448,158,956
8880,4209057389,1316355549,620,462,158,956
80893,3866827144,1254942776,605,447,158,956
44131,4182108521,1310812637,465,297,168,954
69494,4184550334,1310918895,726,526,200,951
80684,3942319235,1267324018,474,304,170,950
46207,4023546488,1277569558,260,106,154,950
35275,4050298152,1281199757,456,292,164,948
9131,4231691899,1323289464,441,279,162,946
60771,4200102611,1313725369,452,280,172,946
13902,4150996519,1301526152,455,281,174,946
49076,4193880669,1312224355,452,280,172,946
71987,4013273957,1276436764,624,468,156,945
59155,4086151526,1289676849,690,512,178,944
13975,3789529050,1245172853,730,552,178,944
15083,4086222055,1289175423,690,512,178,944
20161,3944551953,1268072025,690,512,178,944
4312,4046437467,1280690541,635,447,188,944
31399,4189093106,1312024243,690,512,178,944
53967,4058944639,1282773879,636,448,188,944
4028,4213442177,1317755028,690,512,178,944
83679,4086225128,1289186708,690,512,178,944
18802,3836736620,1250941381,660,490,170,939
66579,3883447617,1258438325,466,298,168,938
68828,4213248930,1317479449,646,479,167,936
17791,4150999269,1301557918,308,134,174,934
50321,4209068978,1316536366,474,302,172,932
60412,4012870279,1276361666,776,612,164,930
1575,3881319961,1257416823,466,304,162,926
17769,3881319780,1257414095,462,300,162,926
24010,3868889450,1255210439,472,310,162,926
7393,3881319986,1257418081,462,300,162,926
71778,3881319630,1257411377,462,300,162,926
76699,3850036061,1252659364,818,634,184,926
79605,3881319440,1257407740,462,300,162,926
12677,3881319624,1257411126,466,304,162,926
28979,3881319436,1257407520,462,300,162,926
10946,4182274930,1310755373,584,426,158,924
54989,3992784123,1273745623,809,625,184,922
22138,3992784075,1273745456,809,625,184,922
34050,4181902864,1311080024,453,287,166,920
60765,4211319378,1316966536,796,631,165,919
46110,4071963978,1286015718,466,306,160,918
12405,4010222090,1276005021,458,284,174,918
37862,4150479026,1301074424,737,567,170,916
11219,3893246402,1260404339,455,287,168,914
62226,4050744623,1281974267,459,287,172,910
54751,4017682279,1285868587,441,287,154,908
44040,3992802971,1273769140,617,451,166,906
41553,4116742177,1293301944,430,274,156,906
73452,3992802105,1273767101,613,447,166,906
62845,4211699744,1317080337,438,280,158,894
35962,4211714381,1317241007,439,281,158,894
51294,4006535298,1275691634,453,285,168,892
3793,4076596289,1287506538,437,271,166,890
53331,4053878642,1282008975,422,264,158,888
81377,3837116757,1251093384,435,275,160,888
61943,4153230622,1301915565,647,489,158,888
10536,3881320310,1257425033,633,472,161,888
38299,4026082767,1277782046,375,214,161,888
65373,3971759477,1270626993,436,276,160,886
9508,4045105213,1280524968,441,283,158,886
69008,4019799691,1277508327,619,441,178,882
2538,3842787433,1251488927,646,487,159,881
42504,3883965627,1258189041,538,377,161,879
66349,4139337226,1298501155,436,290,146,874
71102,4015982505,1276718373,436,286,150,866
42023,3881319750,1257412081,425,273,152,864
66612,4063205051,1283926911,649,487,162,862
42649,3881319597,1257409926,424,272,152,862
67324,3881319812,1257416004,424,272,152,862
45619,3992785381,1273751118,477,307,170,858
75266,4019800501,1277513841,429,277,152,854
42776,4006492239,1275532976,643,483,160,854
54651,4151000312,1301600316,623,471,152,853
38431,4007155531,1275623997,487,321,166,848
69789,4150997026,1301533286,1018,866,152,848
40459,4086137916,1289541541,675,504,171,846
20308,3971369377,1270347022,470,306,164,840
34123,3609724518,1227456610,416,276,140,840
19676,4101477003,1291288715,506,324,182,838
68523,4141675837,1299287791,514,332,182,838
76571,4058578291,1282809266,399,257,142,836
46454,3708920399,1236514009,530,378,152,836
2336,4153278685,1302247869,446,284,162,832
74710,4145102218,1300141135,440,288,152,832
76568,4057634880,1282538294,744,588,156,832
70353,4231688780,1323271332,437,283,154,830
62736,4139506715,1298803043,440,274,166,828
6799,3898729106,1261427918,406,274,132,826
3546,4150448789,1301071060,578,415,163,826
69037,4022757148,1277563757,413,263,150,826
57306,3885602285,1258496573,504,364,140,818
23121,4150995198,1301517834,246,112,134,818
29488,4044743415,1280384675,554,413,141,814
47292,3881729757,1257729907,437,287,150,812
463,3955091608,1269068835,424,278,146,810
64776,4209050681,1316282996,429,295,134,802
54508,3607250609,1227162105,427,287,140,800
37139,4229980007,1322496013,440,300,140,800
41934,3866982901,1254914376,611,455,156,799
83745,4101477448,1291293165,517,373,144,795
29194,3727586662,1238295546,397,267,130,790
80825,4071964241,1286024136,444,304,140,790
23052,3976952320,1271556475,397,267,130,790
38481,3920854095,1263694646,413,283,130,790
71004,3942319346,1267327678,421,275,146,786
63529,3971759549,1270627788,421,275,146,786
21711,3894930089,1260282418,275,133,142,782
39296,3894930077,1260282137,275,133,142,782
60022,4071964229,1286023675,444,304,140,782
42574,3894926517,1260248313,275,133,142,782
36236,3861760888,1254461814,598,458,140,781
5187,4184608905,1310880431,434,290,144,780
41608,4236041980,1324087259,258,116,142,780
51482,4056049374,1282338326,441,301,140,778
46930,4015618237,1276696487,382,270,112,776
23294,4195543081,1312601196,382,270,112,776
19434,3748207430,1240730182,581,449,132,774
36361,4061482253,1283578212,568,420,148,774
78276,4079556254,1288093588,564,416,148,774
39607,4061479557,1283523097,571,423,148,774
25758,3625451058,1229588240,590,452,138,773
9841,3935695532,1265927749,508,381,127,766
8751,4017685167,1285873843,583,453,130,764
15646,3868887566,1255174040,508,369,139,764
80040,4195542807,1312591191,551,414,137,763
74603,3957449552,1269242822,407,269,138,762
8178,4018146309,1276989787,437,291,146,758
74601,3563517803,1221439574,580,434,146,757
17262,4179604710,1309093735,501,369,132,756
36289,4150994783,1301516784,498,386,112,753
75725,3960070746,1269627444,605,471,134,752
76669,1711736693,1100071426,664,520,144,749
33023,4012664361,1276322501,628,471,157,749
77827,4168967825,1306635690,405,271,134,742
38613,4182277763,1310804257,656,510,146,740
470,4200413922,1313873014,411,265,146,738
46359,3748204976,1240724102,221,99,122,738
48501,4010222088,1276005005,419,281,138,738
83136,3847766057,1252164134,432,292,140,738
53035,4211533176,1317224799,420,282,138,736
52164,4008680744,1275786658,459,295,164,736
42905,4006705929,1275587449,577,446,131,735
77287,4040189373,1279636939,429,283,146,734
55025,4006500271,1275606717,402,266,136,734
27828,3682506742,1233843878,581,450,131,733
29890,3979581552,1271707161,581,450,131,733
10523,4229646222,1322054763,581,450,131,733
81667,4086064811,1289160588,575,444,131,733
45062,4217948645,1318567317,578,448,130,727
41715,4052932595,1281726368,517,384,133,721
71949,4012178355,1276220838,528,406,122,720
76876,3929867801,1265195022,584,450,134,720
63381,4019812939,1277531542,381,267,114,716
37964,4057847422,1282617145,542,409,133,707
36974,4050745142,1281978880,473,372,101,704
70878,3881732885,1258318470,383,279,104,700
64594,4181950570,1310036188,561,437,124,696
41961,4197673331,1313416870,386,266,120,694
25585,4235888083,1324017457,458,360,98,687
67648,4156934499,1302905949,526,408,118,687
19631,4006531188,1275688752,392,284,108,686
43837,4213270715,1317752242,407,277,130,682
79755,4211717772,1317274795,406,276,130,682
82511,4184551616,1310943927,402,284,118,676
7129,4017666051,1285839791,575,453,122,672
31433,3908518222,1262581323,574,452,122,672
81233,4143441695,1299721622,385,271,114,670
8749,3960070666,1269626257,739,621,118,666
51371,4012664687,1276324362,572,452,120,664
80,3885602739,1258507989,465,358,107,664
10662,4012665268,1276327856,625,478,147,662
12420,4037574054,1279010866,396,276,120,662
15784,4058939995,1282752441,549,424,125,659
59488,4019812734,1277530547,363,249,114,658
75599,4234147765,1323695708,541,428,113,657
13078,4108903787,1292781167,354,226,128,656
32680,3784916407,1244666963,400,284,116,656
2791,4181901028,1310381056,506,398,108,648
70035,4236041994,1324088305,220,110,110,646
77234,4061481189,1283554395,541,415,126,644
5035,4061480564,1283548677,548,422,126,644
26319,4061479207,1283500873,549,423,126,644
43116,4061481750,1283567236,544,418,126,644
61352,4079553226,1287920978,555,429,126,644
83184,4061481754,1283567487,544,418,126,644
51097,4114276060,1292882895,325,227,98,640
81286,4060356679,1283142702,414,294,120,640
80464,4179728462,1309661009,610,492,118,640
31186,1989301856,1118916009,404,296,108,635
21708,4026079818,1277776761,298,185,113,631
33745,4145401132,1300260075,431,303,128,630
61214,4026079704,1277776636,302,189,113,627
74592,4019813958,1277534657,222,112,110,626
50176,4056049343,1282337085,405,293,112,626
5590,4042479939,1280089347,379,273,106,624
34094,4010222754,1276011644,401,275,126,624
63411,4010222753,1276011616,401,275,126,624
40327,3607250622,1227162158,378,272,106,624
80622,4231831624,1323381752,384,270,114,620
6052,4231832118,1323384625,384,270,114,620
67664,3885529346,1258619237,384,270,114,620
19000,4026080288,1277777407,292,183,109,619
17698,2200057838,1131269636,427,325,102,618
20546,4019925370,1280168106,407,287,120,618
72883,3924752413,1264227044,381,275,106,616
24951,3856809262,1253440421,393,287,106,614
30176,3816706028,1248611997,363,252,111,613
42718,4113742788,1292922031,359,249,110,612
54946,3913252451,1263006412,396,276,120,612
4204,4026079936,1277776931,284,177,107,611
72025,4026079781,1277776731,291,183,108,611
15826,4153301708,1302454903,562,452,110,610
20906,4153301674,1302453438,562,452,110,610
70830,4006886670,1275523434,562,452,110,610
70637,3997507173,1274084049,539,420,119,609
63339,4150480748,1301086087,539,420,119,609
14773,4182117113,1311027807,390,278,112,608
84100,3995345243,1273870888,475,375,100,607
47825,3995345240,1273870842,475,375,100,607
49782,3866822134,1254906261,425,325,100,605
30278,4026079777,1277776722,288,181,107,604
60250,3856249343,1253330643,407,291,116,604
63394,4026079929,1277776918,285,179,106,603
55685,4017665621,1285837633,398,280,118,602
14914,4004072237,1275059311,384,270,114,602
55697,3842783218,1251476383,398,280,118,602
45840,3951005201,1268414827,475,375,100,601
16436,4168961370,1306896511,425,306,119,601
40379,4026079652,1277776486,292,185,107,600
48816,3986436903,1272017844,405,285,120,598
47071,3867156774,1255064958,353,261,92,598
42381,4026079757,1277776705,289,183,106,598
73163,4155420871,1302528140,548,440,108,596
61964,4171233401,1307348760,548,440,108,596
72944,3881729135,1257721952,548,440,108,596
61606,3868321004,1255110719,356,254,102,594
63811,3944541779,1267991223,281,193,88,594
717,4213271333,1317762934,422,292,130,592
3315,4184543874,1310711409,200,102,98,592
14635,4235891366,1324302400,414,304,110,590
1543,3847027140,1252097056,509,402,107,589
17397,3906641382,1262367094,167,77,90,586
25312,4006511100,1275649833,474,379,95,585
67452,4026079552,1277776364,271,171,100,582
40474,4150994232,1301514053,343,237,106,579
50241,4187123753,1311435233,561,453,108,575
32087,4211720597,1317316577,640,548,92,574
63777,3959384715,1269513955,500,397,103,574
62200,4186473653,1311216854,561,444,117,574
63265,3879893479,1257238722,475,379,96,571
1445,2658215736,1155682440,302,199,103,569
15839,4213268866,1317723895,398,284,114,568
4113,3871120198,1255796740,372,272,100,558
70886,4195807112,1312750375,479,385,94,557
3396,4057543704,1282539302,480,381,99,556
78911,3879894054,1257245788,499,400,99,555
10799,3604826894,1226995686,357,269,88,550
82665,3707074118,1236456574,359,271,88,550
32384,3955075582,1269011071,360,272,88,550
34274,3957461122,1269369427,357,269,88,550
21240,4193922882,1312265741,394,282,112,546
5225,4202303889,1314511987,353,253,100,544
70173,3874345489,1256840713,387,287,100,544
15313,4030633947,1278215771,276,183,93,542
76341,4079551091,1287879840,388,292,96,542
79585,3549075685,1220575697,1511,1410,101,542
71043,4150976076,1301314951,488,394,94,541
68469,4150978933,1301340303,488,394,94,541
36975,3837274767,1251003744,382,278,104,540
58275,3837274760,1251002954,382,278,104,540
29165,3831235744,1250254874,492,395,97,539
43706,4220452160,1318953804,365,259,106,538
1148,3879901291,1257252706,384,280,104,538
28823,4026077661,1277774515,244,159,85,537
34446,4202304486,1314540640,330,241,89,536
72320,3925282813,1264401687,366,272,94,536
20855,3875048193,1256818015,396,296,100,536
30033,3955075138,1269008594,500,402,98,535
54500,4052932338,1281712040,498,402,96,535
35422,4071378240,1287553346,302,196,106,534
61498,4026080034,1277777086,259,167,92,533
16267,4184606844,1310860246,475,380,95,532
23843,4026078888,1277775691,249,158,91,532
49478,4199252252,1313511125,476,381,95,532
50837,3893195230,1260284250,363,273,90,530
30541,4037573992,1279010155,373,277,96,528
31980,4058572508,1282755570,543,447,96,528
78850,4037576260,1279050817,368,272,96,528
40644,4058568152,1282720634,368,272,96,528
60571,4037578626,1279097220,368,272,96,528
45105,4058572491,1282755194,543,447,96,528
66616,4026077729,1277774768,244,159,85,528
77488,3871089974,1255742270,356,260,96,528
77062,4037578218,1279086616,543,447,96,528
63915,3727586987,1238295838,491,395,96,527
55151,4086228346,1289200459,361,269,92,526
23145,4086160437,1289759541,363,271,92,526
8428,3923547869,1264158167,453,367,86,525
50746,3995366811,1273993667,503,403,100,523
35672,4026079578,1277776410,250,161,89,522
33868,4037578376,1279090206,488,394,94,521
46804,3856810243,1253473480,503,408,95,517
84859,4026079601,1277776446,250,161,89,517
76273,4213274511,1317821257,466,380,86,516
6701,4145102417,1300144961,390,302,88,516
65167,4182275851,1310770305,485,392,93,513
5135,4026079291,1277775919,250,163,87,512
27734,4017682069,1285868084,162,46,116,512
12846,3908166291,1262478967,355,265,90,512
39004,4057543565,1282538227,484,387,97,511
9576,4187123028,1311429581,446,362,84,511
15697,4030630949,1278214805,249,160,89,510
83319,4236042205,1324106574,284,197,87,508
62236,4184382739,1310576465,539,443,96,507
49220,4250700207,1328683069,624,535,89,506
77654,3935892051,1266134376,317,226,91,503
71238,3816716448,1248714989,298,210,88,502
6538,4058285686,1282821384,498,394,104,501
7114,4227459374,1321670479,499,400,99,501
53010,4171425310,1307404334,496,403,93,499
67166,4058579830,1282832404,303,225,78,498
48330,3716308188,1237279672,482,389,93,498
30522,3866427771,1254815356,423,339,84,497
25537,4227438135,1321450486,335,249,86,496
10115,4007155833,1275631293,440,358,82,494
80332,4006540356,1275717613,440,358,82,494
72736,4007155837,1275631343,440,358,82,494
17814,1575703783,1091990011,176,90,86,493
60844,4012661948,1276308896,630,538,92,492
54380,3923099212,1264024139,437,358,79,492
2629,3908875687,1262539301,366,284,82,492
11997,3501781438,1217961909,206,124,82,491
64758,4202304259,1314528743,456,367,89,489
21385,4126965903,1295769394,468,381,87,489
72609,4061580054,1283474549,482,392,90,489
2411,3898726038,1261304588,494,397,97,487
51651,4057550366,1282568630,468,381,87,487
9065,4130473553,1296413085,359,277,82,486
60758,4035627402,1278514137,299,221,78,484
33794,4061624486,1283886071,207,117,90,484
46250,4250685334,1328409662,257,179,78,483
10494,4137060590,1297761128,272,198,74,482
60979,4026075625,1277771938,241,152,89,479
9415,3881320275,1257423107,414,338,76,478
11083,3859879038,1254480940,358,280,78,478
9666,3831236956,1250259904,625,538,87,476
5961,3842784374,1251478860,625,538,87,476
82393,4231840364,1323418240,457,369,88,475
27808,3942318707,1267314353,471,386,85,475
58964,3881993006,1257665201,457,369,88,475
45135,4012750057,1276354973,455,367,88,475
84390,4151001622,1301648701,474,386,88,475
51096,3992783635,1273744617,457,369,88,475
59531,4012750145,1276356427,455,367,88,475
53637,4006507906,1275629466,474,386,88,474
20558,3992805141,1273775296,289,213,76,474
27056,4044746302,1280403196,352,262,90,474
41002,4231853842,1323476849,459,371,88,474
84071,4011236406,1276131937,452,368,84,473
64187,3716121835,1212552254,590,511,79,472
55407,4209066471,1316480566,334,242,92,472
20877,4139507420,1298822306,348,276,72,472
34115,3879838151,1257214983,447,366,81,469
9027,4079436884,1287841691,436,359,77,468
71585,4004081306,1275104020,457,369,88,466
74376,4004080926,1275103470,457,369,88,466
70351,4003837380,1275052573,457,369,88,466
11795,4004082438,1275107044,457,369,88,466
65058,4003840449,1275071712,457,369,88,466
62745,4167130832,1306091966,308,221,87,464
66386,4012750545,1276358118,446,359,87,464
6970,4231848884,1323434696,449,362,87,464
39051,4012750497,1276357334,446,359,87,464
45321,4006497913,1275590270,472,390,82,464
20696,4127725641,1295960245,456,369,87,464
64977,3976960451,1271563202,546,446,100,464
58827,4012750495,1276357328,446,359,87,464
2007,3885552040,1258679881,449,362,87,464
47603,4231847688,1323429206,449,362,87,464
37303,3881319564,1257408697,457,376,81,463
79067,4022747922,1277461169,247,167,80,462
6080,4184545423,1310747703,332,256,76,462
72272,4088681498,1289674549,327,251,76,460
55504,4006491358,1275516164,345,269,76,458
64036,4058938894,1282747637,361,275,86,456
28731,3716553973,1237129606,329,247,82,456
3869,4146735599,1300461419,440,354,86,454
59213,4211715222,1317248033,515,431,84,454
33672,4146735528,1300461060,440,354,86,454
2735,4146735720,1300462082,441,355,86,454
28561,4151062991,1301453175,443,366,77,453
7587,4151062985,1301452983,443,366,77,453
34114,4170969406,1307232994,421,343,78,452
10036,4060835716,1283282539,338,256,82,452
14459,3898724669,1261417021,439,325,114,450
58897,4020104950,1277216835,258,172,86,450
63959,3898724661,1261416915,439,325,114,450
66442,3898724679,1261417135,439,325,114,450
12617,3898724668,1261417013,439,325,114,450
55294,3898724651,1261416801,439,325,114,450
82521,4169070422,1306717427,418,341,77,449
29512,4141676750,1299305645,460,382,78,449
15045,4086156981,1289730962,339,263,76,448
9088,4086224658,1289183341,339,263,76,448
48943,4189092652,1312021707,339,263,76,448
12692,4086156871,1289730122,339,263,76,448
48375,4189092682,1312021747,339,263,76,448
76770,4179604692,1309093511,261,185,76,447
75836,3997449018,1274140347,430,350,80,445
16218,4141673862,1299273589,435,363,72,445
26175,4184608476,1310875233,451,368,83,444
55785,3879902843,1257267413,661,580,81,444
49636,3885602798,1258510946,449,366,83,444
3723,4141675818,1299286443,451,368,83,444
68622,4177815839,1308790431,441,361,80,444
16379,4012661420,1276301956,465,376,89,443
11801,4143441903,1299728687,373,299,74,442
61835,4184608872,1310879088,447,372,75,442
71315,4199252808,1313553411,451,376,75,442
70805,4010225438,1276061437,631,549,82,440
25594,4058943691,1282768585,449,371,78,439
39887,4019796400,1277496143,558,478,80,438
37672,4076844707,1287490991,414,336,78,438
72529,1711737018,1100068103,494,415,79,437
14349,4022757241,1277565151,286,208,78,436
66460,3812896540,1247711290,396,327,69,436
60833,4229796119,1321970571,351,271,80,436
81314,4177785648,1308737047,625,544,81,436
15285,4177785662,1308738024,625,544,81,436
42244,4205114125,1315403427,170,158,12,434
39671,4205114276,1315405727,167,155,12,434
8761,4184608221,1310872401,439,366,73,434
26876,4205114113,1315403137,173,161,12,434
84092,4044748663,1280440365,438,358,80,433
21578,3883968236,1258280468,419,346,73,433
66334,3972162576,1270596810,418,343,75,432
49958,4212780743,1317401484,404,342,62,431
28917,4071378801,1287577230,346,264,82,430
10977,4058578518,1282813153,346,264,82,430
13181,4157458138,1303069994,330,258,72,426
66012,4137061539,1297802705,456,375,81,425
43965,4026078663,1277775607,231,152,79,425
72888,4193923572,1312271355,322,254,68,424
37607,4209068314,1316524593,310,242,68,424
43195,4240773346,1325223360,274,198,76,422
73401,3895425116,1260750525,348,270,78,422
75478,3879365401,1257151800,262,188,74,422
47685,4189039692,1311984071,346,268,78,422
65964,3944532736,1267873019,346,268,78,422
38807,3953976301,1269105485,350,272,78,422
39106,4071435559,1285915008,333,261,72,422
82577,4006494259,1275545532,374,288,86,420
44022,4060919086,1301430347,296,216,80,420
35055,4181945663,1309978794,245,183,62,420
2673,3837275026,1251016644,316,240,76,419
34386,731723724,1037515630,224,148,76,418
79723,4213276706,1317482452,625,552,73,418
62685,4058942860,1282759167,424,347,77,417
52648,4145102402,1300144662,369,281,88,416
76241,4037102797,1279205562,518,432,86,416
28915,4037102646,1279204550,518,432,86,416
43109,3868888328,1255191585,616,536,80,416
36728,3881988618,1257628996,519,433,86,416
18220,3992772039,1273660209,519,433,86,416
30394,4150999392,1301559863,411,339,72,416
20726,4011235741,1276129091,335,257,78,414
33597,4155420401,1302516577,333,261,72,414
36256,4026082256,1277781548,212,142,70,408
13544,3893197954,1260349753,607,524,83,408
23119,3708927306,1236532523,413,341,72,407
67718,3848187826,1252295329,509,431,78,406
68085,4050842334,1281773016,331,261,70,406
72984,3797080340,1246074397,332,262,70,406
77181,3930103788,1265378903,327,257,70,406
35626,4026079490,1277776075,198,133,65,405
81208,1842321402,1104741112,179,114,65,405
31080,4181948230,1310004018,392,324,68,404
38647,3976944898,1271551892,428,353,75,402
953,3930103968,1265381870,354,282,72,400
64500,4232366537,1324011903,510,438,72,400
12301,4026082213,1277781494,208,140,68,399
38954,4023547447,1277574647,336,266,70,396
24675,4195684367,1312663111,316,248,68,394
59033,3972428211,1270627026,345,273,72,394
57287,4006528809,1275680031,354,282,72,394
4549,3837275030,1251017128,310,237,73,393
55491,3837275033,1251017591,310,237,73,393
1469,4212779801,1317371133,411,333,78,390
25735,991282994,1052652993,203,133,70,388
21140,4079551084,1287879542,501,408,93,387
53562,4006527466,1275673903,339,265,74,386
41426,4165669220,1305421283,145,79,66,386
38432,4006541365,1275724139,341,273,68,384
8664,3748061254,1240669573,312,246,66,384
64816,1989301916,1118916103,309,239,70,383
25642,4017672662,1285851326,1013,947,66,382
57677,3883433000,1258387628,442,366,76,381
16548,3881319952,1257416552,406,337,69,381
41955,3682507446,1233846455,400,340,60,381
63422,3847033744,1252138405,406,337,69,381
2106,3866823330,1254917821,310,244,66,380
6181,4050851065,1281303038,459,386,73,379
64367,3748207425,1240730159,584,518,66,377
7151,3894930914,1260294037,325,261,64,372
77635,4058943365,1282761731,421,350,71,370
11871,4157524000,1303235382,400,336,64,370
36155,4037441989,1279327095,413,349,64,369
65288,4197670624,1313395692,432,360,72,368
21947,3868624182,1255285314,317,251,66,368
1243,3887597811,1258995857,420,357,63,366
36053,4182269054,1310688106,343,279,64,366
21825,3894927471,1260251379,694,626,68,366
80686,4087657311,1289611087,344,280,64,364
77450,4236042049,1324093165,581,518,63,363
54301,3879365226,1257150322,356,294,62,362
8891,3881211173,1257374720,350,286,64,360
59684,4180055625,1309289025,378,310,68,360
19346,4023548278,1277588806,325,259,66,358
52320,3837504982,1251065925,190,131,59,358
19354,3837504984,1251065936,190,131,59,358
48641,3879903034,1257267896,332,264,68,358
22992,4113742286,1292920974,325,259,66,358
78442,4046437917,1280694403,424,357,67,357
49673,4116507046,1293174770,339,287,52,356
61996,4116507047,1293174783,339,287,52,356
69035,4030630163,1278214613,211,146,65,353
67611,4060915291,1301425679,409,345,64,353
6521,3871169078,1255814981,409,348,61,352
50461,4087624309,1289224203,409,349,60,351
41205,3969432850,1270226411,427,366,61,350
16314,3879901986,1257261043,313,253,60,350
42703,3908875514,1262536834,429,368,61,350
15679,3972430784,1270652940,357,295,62,348
4389,4217911749,1318281515,304,244,60,348
84484,3682519042,1233854060,300,240,60,348
79790,4217910253,1318271095,301,241,60,348
6826,3735613173,1239233967,298,238,60,348
33562,3957797038,1269436214,300,240,60,348
42331,3935696744,1265928940,299,239,60,348
34720,4030630796,1278214746,194,132,62,344
19649,3682521268,1233856549,386,323,63,342
64471,4012659985,1276287285,546,493,53,340
57773,4137060382,1297757569,409,344,65,339
70274,4026083224,1277782235,169,113,56,338
11060,4157458260,1303073211,170,108,62,338
73988,4008563396,1275773375,409,343,66,337
10226,3838146912,1251219328,204,148,56,336
58837,3748206649,1240727935,331,261,70,336
29655,3566351487,1221766477,331,261,70,336
72507,4030621104,1278224003,195,138,57,336
52823,4211319376,1316966475,280,226,54,336
27565,4088659364,1289580037,556,494,62,335
60041,3775265457,1243763072,555,493,62,335
38508,4181951175,1310041467,318,256,62,334
84815,4145581726,1300296894,341,285,56,334
81470,3566351653,1221766958,401,329,72,333
36251,3974745673,1270975248,303,249,54,332
6235,4058944674,1282774177,303,249,54,332
13131,4139571917,1299226835,186,120,66,330
20751,3490669938,1217176441,142,83,59,329
41537,3893197865,1260348924,460,402,58,328
23933,3885604103,1258515168,300,212,88,328
34853,3836884807,1250925064,414,361,53,327
70797,4017685280,1285874865,448,390,58,324
19127,3957848119,1269490209,216,160,56,324
22111,4077203298,1287458363,216,160,56,324
51860,4022748305,1277463011,216,160,56,324
45228,3957848121,1269490213,216,160,56,324
37683,3923104279,1264049600,330,268,62,324
73381,3957848109,1269490181,216,160,56,324
5263,3872861877,1256024601,216,160,56,324
49392,3941581086,1267072914,127,70,57,324
63120,4077203320,1287458646,216,160,56,324
23065,4037582440,1279158719,318,260,58,320
82801,3868623981,1255278279,301,243,58,320
30172,4026075559,1277771906,186,124,62,319
18433,4213276585,1317477414,396,334,62,318
48562,3972427238,1270600053,333,277,56,316
51478,4061479011,1283495620,391,327,64,315
35248,4037580962,1279142856,413,355,58,314
66200,4234091350,1323884532,256,205,51,313
64975,835322805,1041950470,177,124,53,312
21065,4211720263,1317310689,313,265,48,312
70142,4177822536,1308742052,322,264,58,312
72617,4045004865,1280502657,428,370,58,311
12508,4079553342,1287935951,323,259,64,310
64942,4205114522,1315411083,193,163,30,310
66474,4030633057,1278215194,180,125,55,309
51730,3955093002,1269077864,299,247,52,308
64586,3005786961,1182180659,132,79,53,307
84055,4197668897,1313372605,570,505,65,307
49007,3989893171,1272516851,379,324,55,304
84186,3879891815,1257245713,337,286,51,304
35880,4181962032,1310078790,537,471,66,304
40780,4044748214,1280433692,367,314,53,303
33526,4026082471,1277781643,193,132,61,303
77268,4195543032,1312599456,315,261,54,302
33756,3854433404,1253120115,168,114,54,300
48755,4006485545,1275462255,366,313,53,299
8437,3959991667,1269576567,334,284,50,299
44550,3837274789,1251006629,284,226,58,298
51684,3837504422,1251065112,187,134,53,298
25069,3846831307,1252120315,276,218,58,298
46311,835322761,1041950284,173,121,52,297
80595,4026811503,1277842990,242,192,50,297
33797,3861790361,1254545282,381,328,53,297
72556,4102987798,1291662856,394,336,58,296
26731,4040046760,1279554349,350,302,48,296
20524,4057662257,1282552339,381,327,54,294
45136,4234091228,1323883141,359,310,49,293
16818,4012665478,1276329358,316,258,58,292
23714,3937634686,1266214875,486,440,46,292
80830,165172634,919556832,222,173,49,291
76357,4181904170,1311129567,368,317,51,291
71459,4171236357,1307375353,378,323,55,290
20797,4167127475,1306069150,348,298,50,289
58481,4167128366,1306077156,348,298,50,289
3835,4030619647,1278204980,163,110,53,289
23018,1051635069,1041950908,163,106,57,288
78669,4212780195,1317382459,212,168,44,288
12374,4184608523,1310876825,354,306,48,288
74750,3955111957,1269067535,274,220,54,286
31204,4227460292,1321681772,272,218,54,286
21933,3989839271,1272678442,274,220,54,286
57811,4194036543,1312447084,384,331,53,286
30582,3921185233,1263819395,275,221,54,286
1209,4150995379,1301518612,367,309,58,285
45139,4042486767,1280129211,211,160,51,284
25004,3894925711,1260244916,365,314,51,284
74501,4013272951,1276431833,427,367,60,283
76575,4026081957,1277781180,162,115,47,282
53544,4145469443,1300263074,311,255,56,282
68861,4056049612,1282342051,471,421,50,280
31391,4008680733,1275786606,406,348,58,278
74340,4235886691,1323996233,340,299,41,273
9020,4235886688,1323996213,340,299,41,273
35566,3834850898,1250676595,230,180,50,272
28585,4150999300,1301558395,487,433,54,272
5891,4234147030,1323679165,351,303,48,271
82076,3846831477,1252121120,265,213,52,271
54960,3989892064,1272494978,280,234,46,270
14791,3989840292,1272684523,274,228,46,266
79773,4050855710,1281413490,350,304,46,265
75238,3879365302,1257150925,133,87,46,262
78756,3716304930,1237273984,359,311,48,262
42273,3856249869,1253338368,258,209,49,259
51084,4085949987,1288938088,321,267,54,258
28730,4057635335,1282541604,683,632,51,257
38026,4026075827,1277773573,137,96,41,257
42272,3604830884,1227032284,322,275,47,256
41829,4026078172,1277775002,156,115,41,256
6166,4181961983,1310078060,199,148,51,254
45195,4150998037,1301542840,519,475,44,253
15321,4186472499,1311213923,521,477,44,253
37797,4151250123,1301315776,397,347,50,253
33269,3881467701,1257455846,347,301,46,252
76756,4079556562,1288108272,356,304,52,250
82242,4046495440,1280709173,536,486,50,250
75626,4061476681,1283474221,356,304,52,250
71237,3856527007,1253484595,344,304,40,248
5237,4026078191,1277775057,153,113,40,247
51855,4193924384,1312277081,305,261,44,246
77567,4145469268,1300260663,284,238,46,246
5428,3885539514,1258669819,349,307,42,245
24944,4231849956,1323444425,352,310,42,245
67277,3885541657,1258670936,353,311,42,245
61768,4231849782,1323442852,349,307,42,245
15956,4012703771,1276322828,352,310,42,245
17701,3992790363,1273757205,349,307,42,245
19911,3992794225,1273762253,354,312,42,245
38049,4231850300,1323450436,352,310,42,245
54235,4127724771,1295949401,352,310,42,245
8498,4127726866,1295969768,351,309,42,245
22979,3992784737,1273748536,354,312,42,245
8214,4127729286,1295987254,349,307,42,245
35620,4127729272,1295987237,349,307,42,245
51899,3881993477,1257668350,354,312,42,245
56963,4231849756,1323442174,349,307,42,245
7885,4127729169,1295986756,349,307,42,245
64896,4127721341,1295923271,315,273,42,241
50331,4007156440,1275642193,380,331,49,240
56321,3881234501,1257541141,352,308,44,240
8841,3490668387,1217174207,123,82,41,240
44744,4004090003,1275158381,349,307,42,239
44046,4003845194,1275091163,349,307,42,239
4952,4004091201,1275165298,351,309,42,239
7746,4004090291,1275159954,352,310,42,239
79150,4004089929,1275158254,349,307,42,239
73985,4004084287,1275113979,354,312,42,239
51787,3881319379,1257405727,283,243,40,238
24657,3894931378,1260315985,340,300,40,238
82595,3976959763,1271561258,249,204,45,238
82526,4030623135,1278224792,143,105,38,238
67292,4146735862,1300463563,341,301,40,237
26952,4146735949,1300464522,344,304,40,237
78909,4146736848,1300479634,346,306,40,237
56415,4146736297,1300469184,344,304,40,237
4977,4146736014,1300465981,344,304,40,237
6803,3962436043,1269778152,346,306,40,237
77216,4146735798,1300462988,341,301,40,237
66142,4146736304,1300469465,344,304,40,237
25177,4076850051,1287508354,334,295,39,235
58276,4076595192,1287498066,338,299,39,235
80722,4076845502,1287416413,339,300,39,235
47709,4076976740,1286970645,335,296,39,235
34586,4010225408,1276060558,536,493,43,233
41083,3995345812,1273875442,306,268,38,231
31386,4010225414,1276060693,528,487,41,229
33494,4079406972,1287829092,428,384,44,229
45745,4012862014,1276346412,393,349,44,228
22218,4019799840,1277510500,331,295,36,227
31481,4010225412,1276060641,528,487,41,224
36430,4181904615,1311161406,309,275,34,223
3357,4181904616,1311161448,309,275,34,223
45046,3748042248,1240555572,340,305,35,223
23654,4017680685,1285863481,333,296,37,223
9056,4012611037,1276283192,293,257,36,220
35371,3942319174,1267321656,259,213,46,220
22354,3960069936,1269623870,365,324,41,218
15097,3935902387,1266169647,252,210,42,216
15937,4095304596,1290636627,544,497,47,216
32002,3906641565,1262368443,316,277,39,215
60589,4026082742,1277781909,124,88,36,215
30531,4010225368,1276059214,485,441,44,214
22036,1711733586,1100085538,449,411,38,211
62401,3959992097,1269581303,246,204,42,208
81676,4026082105,1277781290,149,108,41,206
57441,4197669061,1313375727,241,199,42,206
62085,3785102814,1244548459,520,479,41,205
82932,3604250492,1226767489,320,282,38,205
62534,4071960744,1286014706,225,191,34,204
83000,3895298303,1260735665,313,281,32,203
70232,4074696499,1286842907,200,170,30,202
37417,3775997583,1243785559,179,138,41,201
20091,3797080729,1246081926,394,353,41,200
600,4017685510,1285875884,592,552,40,200
59981,3849187617,1252446984,150,110,40,199
25793,3849187621,1252446993,87,49,38,199
5776,4235888309,1324021105,344,308,36,198
2635,4235888310,1324021152,344,308,36,198
7573,3775997579,1243785551,92,58,34,196
69254,3990246482,1272581421,68,37,31,196
34908,4151063010,1301453575,322,291,31,195
23397,4040441644,1279680614,746,700,46,193
48497,3837274684,1250997460,243,203,40,193
80202,3775997572,1243785537,158,123,35,193
45928,3837274716,1250999072,243,203,40,193
75671,3775997576,1243785545,192,160,32,192
81741,4213489054,1317518679,321,288,33,192
34750,3837505071,1251066089,132,100,32,190
6751,4168612579,1306489514,341,310,31,186
11082,3050493333,1187499571,116,82,34,185
28929,3837274721,1250999481,237,200,37,184
71772,388574944,1002973507,365,337,28,183
48529,3877875837,1257066449,236,200,36,181
21992,1711732968,1100070481,257,224,33,181
80739,4211077023,1316921736,236,200,36,181
51820,3849187618,1252446986,69,36,33,181
46523,3955112083,1269068514,236,200,36,181
48520,3874332583,1256694342,233,197,36,181
80609,3775997586,1243785565,71,37,34,179
3613,3976677037,1271243169,466,439,27,179
68961,4184528398,1310652712,335,298,37,179
72798,4168955911,1306807119,176,143,33,178
40928,3775997587,1243785567,69,36,33,176
46323,4116742187,1293302212,249,211,38,176
66838,3490668440,1217174510,60,36,24,175
79485,4171235643,1307365840,357,326,31,173
2252,1711734596,1100065022,325,292,33,172
49207,3883457038,1258674580,295,266,29,172
56770,4202301682,1314375147,344,311,33,172
71073,1155935077,1066758336,150,123,27,172
42301,4177585898,1308667457,175,142,33,171
71326,4202305460,1314588517,330,297,33,171
82873,3775997578,1243785549,206,172,34,170
3807,3775997580,1243785553,172,145,27,168
3660,4013272515,1276429846,336,308,28,168
39766,4013272084,1276427586,336,308,28,168
53220,3775997582,1243785557,76,47,29,163
2746,3604510811,1226861222,209,184,25,161
5844,3831236193,1250256880,282,257,25,157
62390,3566351488,1221766481,320,288,32,149
29896,3905965840,1262203855,500,469,31,149
82717,3990161712,1272727899,233,200,33,148
840,3849187620,1252446991,61,32,29,148
15904,3930248925,1265327674,480,455,25,147
25129,3930249139,1265329338,479,454,25,147
33994,4130472959,1296398891,179,155,24,142
51936,4061476572,1283471825,184,158,26,141
53024,81676204,1318498388,111,90,21,139
46049,3838147864,1251219977,114,90,24,139
4526,2981068329,1178126653,63,41,22,138
4599,3775997581,1243785555,51,27,24,135
3542,4057848218,1282625781,325,301,24,134
56487,3951007094,1268433815,325,301,24,134
81928,4184607886,1310866695,301,277,24,133
45652,4087637084,1289287594,201,178,23,131
64657,4010220689,1275984146,182,159,23,131
60793,4026078500,1277775563,112,89,23,131
53459,4010220684,1275984028,178,155,23,131
56280,3883457315,1258682956,188,165,23,131
54970,91103195,857305295,551,528,23,127
2031,3775997573,1243785539,49,26,23,126
84426,3775997571,1243785535,51,28,23,126
26080,2035478924,1121420143,99,77,22,124
82104,4197665666,1313347444,171,151,20,124
74087,4150998837,1301550732,267,245,22,120
58747,4042587377,1279994296,268,246,22,120
81188,4213267978,1317709824,217,192,25,118
9966,3906636303,1262293861,306,284,22,117
63364,3635719800,1230269627,435,415,20,117
44798,1051635005,1041951126,95,73,22,117
41548,3883426299,1258349128,304,285,19,111
53969,3879365260,1257150660,322,306,16,109
12298,1146460907,1065104332,37,22,15,108
208,873435157,1138907659,80,61,19,105
61708,3879890112,1257230661,253,238,15,104
